41	png_set_crc_action
115	png_rtran_ok
142	png_set_background_fixed
172	png_set_background
188	png_set_scale_16
202	png_set_strip_16
215	png_set_strip_alpha
361	png_set_alpha_mode_fixed
461	png_set_alpha_mode
489	png_set_quantize
892	png_set_gamma_fixed
934	png_set_gamma
948	png_set_expand
978	png_set_palette_to_rgb
990	png_set_expand_gray_1_2_4_to_8
1002	png_set_tRNS_to_alpha
1018	png_set_expand_16
1031	png_set_gray_to_rgb
1046	png_set_rgb_to_gray_fixed
1118	png_set_rgb_to_gray
1132	png_set_read_user_transform_fn
1151	png_gamma_threshold
1176	png_init_palette_transformations
1265	png_init_rgb_transformations
1351	png_resolve_file_gamma
1387	png_init_gamma_values
1424	png_init_read_transformations
2069	png_read_transform_info
2292	png_do_unpack
2390	png_do_unshift
2529	png_do_scale_16_to_8
2590	png_do_chop
2615	png_do_read_swap_alpha
2711	png_do_read_invert_alpha
2813	png_do_read_filler
3000	png_do_gray_to_rgb
3139	png_do_rgb_to_gray
3340	png_do_compose
4084	png_do_gamma
4285	png_do_encode_alpha
4349	png_do_expand_palette
4523	png_do_expand
4753	png_do_expand_16
4783	png_do_quantize
4880	png_do_read_transformations
